{
    "run_1": {
        "train_loss": [
            1.1265373229980469,
            0.605656623840332,
            0.39527222514152527,
            0.29233303666114807,
            0.22717544436454773
        ],
        "train_acc": [
            0.6358354091644287,
            0.8067943453788757,
            0.8703935742378235,
            0.9037898182868958,
            0.9211159348487854
        ],
        "valid_loss": [
            0.9829097390174866,
            0.8750542998313904,
            0.7786228656768799,
            0.6198455691337585,
            0.7227969765663147
        ],
        "valid_acc": [
            0.7053728103637695,
            0.7662280797958374,
            0.7723684310913086,
            0.8252193331718445,
            0.7970395088195801
        ]
    }
}