{
    "run_1": {
        "train_loss": [
            0.2593120038509369,
            0.19731304049491882,
            0.15735097229480743,
            0.1420401781797409,
            0.11679352819919586
        ],
        "train_acc": [
            0.9142063856124878,
            0.9354061484336853,
            0.9470791220664978,
            0.9519996047019958,
            0.9647717475891113
        ],
        "valid_loss": [
            0.8406221270561218,
            0.58989018201828,
            0.8382695913314819,
            0.8664306998252869,
            0.8065001368522644
        ],
        "valid_acc": [
            0.7524123191833496,
            0.808552622795105,
            0.7690789699554443,
            0.7841008901596069,
            0.8069078922271729
        ]
    }
}